scenario_name,lambda_execution,late_delivery_rate_anchor,source,fallback_used,method_name,strategy,WAPE,inventory_cost,planning_volatility,execution_penalty,execution_violation_rate,model_switch_count,normalized_inventory_component,normalized_volatility_component,normalized_execution_component,normalized_switch_component,normalized_total_loss,raw_total_planning_loss,rank_by_normalized_total_loss,rank_by_WAPE,rank_by_execution_penalty
baseline,0.05,0.0,dataco_derived,False,Oracle,oracle_realized_demand,0.0,1633182.571,487.867,680523.022,0.345,0,0.542,0.588,0.062,0.0,1.193,1667452.655,1,1,8
baseline,0.05,0.0,dataco_derived,False,Simple Ensemble,simple_ensemble,0.129,3412038.615,246.143,47421.135,0.066,0,1.133,0.297,0.004,0.0,1.434,5059176.172,2,7,2
baseline,0.05,0.0,dataco_derived,False,Best Inventory,best_inventory_cost_model,0.109,3010924.926,414.964,546133.345,0.284,0,1.0,0.5,0.05,0.0,1.55,4418171.195,3,2,6
baseline,0.05,0.0,dataco_derived,False,Global Best,global_best_model,0.109,3010924.926,414.964,546133.345,0.284,0,1.0,0.5,0.05,0.0,1.55,4418171.195,3,2,6
baseline,0.05,0.0,dataco_derived,False,Family Best,family_best_model,0.11,3064462.341,411.535,537406.724,0.279,0,1.018,0.496,0.049,0.0,1.563,4488289.031,5,4,5
baseline,0.05,0.0,dataco_derived,False,Best Stability,best_stability_model,0.188,5263648.54,14.814,0.0,0.0,0,1.748,0.018,0.0,0.0,1.766,7650785.842,6,8,1
baseline,0.05,0.0,dataco_derived,False,Stability-Aware,stability_aware_selector,0.113,3251369.903,384.274,402775.817,0.258,213,1.08,0.463,0.037,0.214,1.794,4709145.905,7,5,4
baseline,0.05,0.0,dataco_derived,False,Feasibility-Aware,feasibility_aware_selector,0.116,3375551.068,364.328,365116.914,0.232,781,1.121,0.439,0.033,0.786,2.379,4872535.629,8,6,3
dataco_high,0.341,0.581,dataco_derived,False,Simple Ensemble,simple_ensemble,0.129,3412038.615,246.143,47421.135,0.066,0,1.133,0.297,0.03,0.0,1.459,5072954.454,1,7,2
dataco_high,0.341,0.581,dataco_derived,False,Oracle,oracle_realized_demand,0.0,1633182.571,487.867,680523.022,0.345,0,0.542,0.588,0.424,0.0,1.555,1865179.641,2,1,8
dataco_high,0.341,0.581,dataco_derived,False,Best Stability,best_stability_model,0.188,5263648.54,14.814,0.0,0.0,0,1.748,0.018,0.0,0.0,1.766,7650785.842,3,8,1
dataco_high,0.341,0.581,dataco_derived,False,Best Inventory,best_inventory_cost_model,0.109,3010924.926,414.964,546133.345,0.284,0,1.0,0.5,0.341,0.0,1.841,4576851.058,4,2,6
dataco_high,0.341,0.581,dataco_derived,False,Global Best,global_best_model,0.109,3010924.926,414.964,546133.345,0.284,0,1.0,0.5,0.341,0.0,1.841,4576851.058,4,2,6
dataco_high,0.341,0.581,dataco_derived,False,Family Best,family_best_model,0.11,3064462.341,411.535,537406.724,0.279,0,1.018,0.496,0.335,0.0,1.849,4644433.361,6,4,5
dataco_high,0.341,0.581,dataco_derived,False,Stability-Aware,stability_aware_selector,0.113,3251369.903,384.274,402775.817,0.258,213,1.08,0.463,0.251,0.214,2.008,4826173.023,7,5,4
dataco_high,0.341,0.581,dataco_derived,False,Feasibility-Aware,feasibility_aware_selector,0.116,3375551.068,364.328,365116.914,0.232,781,1.121,0.439,0.228,0.786,2.573,4978620.896,8,6,3
dataco_low,0.318,0.535,dataco_derived,False,Simple Ensemble,simple_ensemble,0.129,3412038.615,246.143,47421.135,0.066,0,1.133,0.297,0.028,0.0,1.457,5071865.329,1,7,2
dataco_low,0.318,0.535,dataco_derived,False,Oracle,oracle_realized_demand,0.0,1633182.571,487.867,680523.022,0.345,0,0.542,0.588,0.396,0.0,1.526,1849550.005,2,1,8
dataco_low,0.318,0.535,dataco_derived,False,Best Stability,best_stability_model,0.188,5263648.54,14.814,0.0,0.0,0,1.748,0.018,0.0,0.0,1.766,7650785.842,3,8,1
dataco_low,0.318,0.535,dataco_derived,False,Best Inventory,best_inventory_cost_model,0.109,3010924.926,414.964,546133.345,0.284,0,1.0,0.5,0.318,0.0,1.818,4564307.962,4,2,6
dataco_low,0.318,0.535,dataco_derived,False,Global Best,global_best_model,0.109,3010924.926,414.964,546133.345,0.284,0,1.0,0.5,0.318,0.0,1.818,4564307.962,4,2,6
dataco_low,0.318,0.535,dataco_derived,False,Family Best,family_best_model,0.11,3064462.341,411.535,537406.724,0.279,0,1.018,0.496,0.313,0.0,1.826,4632090.691,6,4,5
dataco_low,0.318,0.535,dataco_derived,False,Stability-Aware,stability_aware_selector,0.113,3251369.903,384.274,402775.817,0.258,213,1.08,0.463,0.234,0.214,1.991,4816922.433,7,5,4
dataco_low,0.318,0.535,dataco_derived,False,Feasibility-Aware,feasibility_aware_selector,0.116,3375551.068,364.328,365116.914,0.232,781,1.121,0.439,0.212,0.786,2.558,4970235.222,8,6,3
dataco_median,0.326,0.552,dataco_derived,False,Simple Ensemble,simple_ensemble,0.129,3412038.615,246.143,47421.135,0.066,0,1.133,0.297,0.028,0.0,1.458,5072269.377,1,7,2
dataco_median,0.326,0.552,dataco_derived,False,Oracle,oracle_realized_demand,0.0,1633182.571,487.867,680523.022,0.345,0,0.542,0.588,0.406,0.0,1.537,1855348.357,2,1,8
dataco_median,0.326,0.552,dataco_derived,False,Best Stability,best_stability_model,0.188,5263648.54,14.814,0.0,0.0,0,1.748,0.018,0.0,0.0,1.766,7650785.842,3,8,1
dataco_median,0.326,0.552,dataco_derived,False,Best Inventory,best_inventory_cost_model,0.109,3010924.926,414.964,546133.345,0.284,0,1.0,0.5,0.326,0.0,1.826,4568961.255,4,2,6
dataco_median,0.326,0.552,dataco_derived,False,Global Best,global_best_model,0.109,3010924.926,414.964,546133.345,0.284,0,1.0,0.5,0.326,0.0,1.826,4568961.255,4,2,6
dataco_median,0.326,0.552,dataco_derived,False,Family Best,family_best_model,0.11,3064462.341,411.535,537406.724,0.279,0,1.018,0.496,0.321,0.0,1.835,4636669.629,6,4,5
dataco_median,0.326,0.552,dataco_derived,False,Stability-Aware,stability_aware_selector,0.113,3251369.903,384.274,402775.817,0.258,213,1.08,0.463,0.241,0.214,1.998,4820354.258,7,5,4
dataco_median,0.326,0.552,dataco_derived,False,Feasibility-Aware,feasibility_aware_selector,0.116,3375551.068,364.328,365116.914,0.232,781,1.121,0.439,0.218,0.786,2.564,4973346.176,8,6,3
dataco_severe,0.5,0.901,dataco_derived,False,Simple Ensemble,simple_ensemble,0.129,3412038.615,246.143,47421.135,0.066,0,1.133,0.297,0.043,0.0,1.473,5080530.882,1,7,2
dataco_severe,0.5,0.901,dataco_derived,False,Oracle,oracle_realized_demand,0.0,1633182.571,487.867,680523.022,0.345,0,0.542,0.588,0.623,0.0,1.754,1973906.132,2,1,8
dataco_severe,0.5,0.901,dataco_derived,False,Best Stability,best_stability_model,0.188,5263648.54,14.814,0.0,0.0,0,1.748,0.018,0.0,0.0,1.766,7650785.842,3,8,1
dataco_severe,0.5,0.901,dataco_derived,False,Best Inventory,best_inventory_cost_model,0.109,3010924.926,414.964,546133.345,0.284,0,1.0,0.5,0.5,0.0,2.0,4664106.243,4,2,6
dataco_severe,0.5,0.901,dataco_derived,False,Global Best,global_best_model,0.109,3010924.926,414.964,546133.345,0.284,0,1.0,0.5,0.5,0.0,2.0,4664106.243,4,2,6
dataco_severe,0.5,0.901,dataco_derived,False,Family Best,family_best_model,0.11,3064462.341,411.535,537406.724,0.279,0,1.018,0.496,0.492,0.0,2.006,4730294.302,6,4,5
dataco_severe,0.5,0.901,dataco_derived,False,Stability-Aware,stability_aware_selector,0.113,3251369.903,384.274,402775.817,0.258,213,1.08,0.463,0.369,0.214,2.126,4890524.117,7,5,4
dataco_severe,0.5,0.901,dataco_derived,False,Feasibility-Aware,feasibility_aware_selector,0.116,3375551.068,364.328,365116.914,0.232,781,1.121,0.439,0.334,0.786,2.68,5036955.265,8,6,3
